{
  "version": 1,
  "author": "Lionel Rios",
  "editor": "wokwi",
  "parts": [
    { "type": "wokwi-arduino-uno", "id": "uno", "top": 0, "left": 0, "rotate": 90, "attrs": {} },
    {
      "type": "wokwi-led",
      "id": "led1",
      "top": -32.4,
      "left": 339.8,
      "attrs": { "color": "red" }
    },
    {
      "type": "wokwi-resistor",
      "id": "r1",
      "top": 42.35,
      "left": 307.2,
      "attrs": { "value": "1000" }
    },
    {
      "type": "wokwi-slide-potentiometer",
      "id": "pot2",
      "top": 76.8,
      "left": -154.4,
      "rotate": 90,
      "attrs": { "travelLength": "30" }
    }
  ],
  "connections": [
    [ "uno:GND.1", "led1:C", "black", [ "h59", "v-69.9" ] ],
    [ "led1:A", "r1:2", "red", [ "v0" ] ],
    [ "pot2:SIG", "uno:A0", "green", [ "v-19.2", "h68", "v163.2" ] ],
    [ "pot2:VCC", "uno:3.3V", "red", [ "v0", "h38.4", "v86.4" ] ],
    [ "uno:3", "r1:1", "red", [ "h0" ] ]
  ],
  "dependencies": {}
}