{
  "version": 1,
  "author": "Lionel Rios",
  "editor": "wokwi",
  "parts": [
    {
      "type": "board-esp32-devkit-c-v4",
      "id": "esp",
      "top": 0,
      "left": 0,
      "attrs": { "env": "micropython-20231227-v1.22.0" }
    },
    {
      "type": "wokwi-led",
      "id": "led1",
      "top": 6,
      "left": 205.4,
      "attrs": { "color": "limegreen" }
    },
    {
      "type": "wokwi-pushbutton",
      "id": "btn1",
      "top": 121.4,
      "left": -96,
      "attrs": { "color": "green" }
    },
    {
      "type": "wokwi-resistor",
      "id": "r1",
      "top": 109.55,
      "left": 144,
      "attrs": { "value": "1000" }
    }
  ],
  "connections": [
    [ "esp:TX", "$serialMonitor:RX", "", [] ],
    [ "esp:RX", "$serialMonitor:TX", "", [] ],
    [ "esp:5", "r1:1", "red", [ "h0" ] ],
    [ "r1:2", "led1:A", "red", [ "v0", "h27.6" ] ],
    [ "led1:C", "esp:GND.3", "black", [ "v38.4", "h0.4" ] ],
    [ "esp:14", "btn1:1.r", "red", [ "h0" ] ],
    [ "esp:GND.1", "btn1:2.r", "black", [ "h0" ] ]
  ],
  "dependencies": {}
}