{
  "version": 1,
  "author": "Lionel Rios",
  "editor": "wokwi",
  "parts": [
    { "type": "wokwi-arduino-uno", "id": "uno", "top": 39, "left": -67.8, "attrs": {} },
    {
      "type": "wokwi-ntc-temperature-sensor",
      "id": "ntc1",
      "top": 88.5,
      "left": 249.1,
      "rotate": 90,
      "attrs": {}
    }
  ],
  "connections": [
    [ "uno:GND.3", "ntc1:GND", "black", [ "v19.1", "h292", "v-201.6" ] ],
    [ "uno:A0", "ntc1:OUT", "green", [ "v38.3", "h253.4" ] ],
    [ "uno:5V", "ntc1:VCC", "red", [ "v28.7", "h301.4", "v-201.6" ] ]
  ],
  "dependencies": {}
}