{
  "version": 1,
  "author": "Lionel Rios",
  "editor": "wokwi",
  "parts": [
    { "type": "wokwi-arduino-uno", "id": "uno", "top": 10.2, "left": -39, "attrs": {} },
    { "type": "wokwi-led", "id": "led1", "top": -70.8, "left": 90.2, "attrs": { "color": "red" } },
    {
      "type": "wokwi-resistor",
      "id": "r1",
      "top": -44.05,
      "left": 144,
      "attrs": { "value": "1000" }
    },
    {
      "type": "wokwi-pushbutton",
      "id": "btn1",
      "top": 25.4,
      "left": 259.2,
      "attrs": { "color": "green" }
    }
  ],
  "connections": [
    [ "uno:GND.1", "led1:C", "black", [ "v0" ] ],
    [ "r1:1", "led1:A", "green", [ "v9.6" ] ],
    [ "uno:4", "btn1:1.l", "green", [ "v-28.8", "h61.5", "v48" ] ],
    [ "r1:2", "uno:8", "green", [ "v19.2", "h-68.4" ] ],
    [ "uno:GND.1", "btn1:2.l", "black", [ "v0" ] ]
  ],
  "dependencies": {}
}