{
  "version": 1,
  "author": "Lionel Rios",
  "editor": "wokwi",
  "parts": [
    { "type": "wokwi-breadboard-mini", "id": "bb1", "top": 46.6, "left": 276, "attrs": {} },
    {
      "type": "wokwi-arduino-uno",
      "id": "uno",
      "top": 35.4,
      "left": 11,
      "rotate": 90,
      "attrs": {}
    },
    {
      "type": "wokwi-led",
      "id": "led1",
      "top": -13.2,
      "left": 349.4,
      "attrs": { "color": "limegreen" }
    },
    {
      "type": "wokwi-led",
      "id": "led2",
      "top": -13.2,
      "left": 291.8,
      "attrs": { "color": "red" }
    },
    {
      "type": "wokwi-led",
      "id": "led3",
      "top": -13.2,
      "left": 320.6,
      "attrs": { "color": "magenta" }
    },
    {
      "type": "wokwi-resistor",
      "id": "r1",
      "top": 120,
      "left": 316.25,
      "rotate": 90,
      "attrs": { "value": "1000" }
    },
    {
      "type": "wokwi-resistor",
      "id": "r2",
      "top": 120,
      "left": 287.45,
      "rotate": 90,
      "attrs": { "value": "1000" }
    },
    {
      "type": "wokwi-resistor",
      "id": "r3",
      "top": 120,
      "left": 345.05,
      "rotate": 90,
      "attrs": { "value": "1000" }
    }
  ],
  "connections": [
    [ "led2:C", "bb1:3t.a", "black", [ "v0" ] ],
    [ "led3:C", "bb1:6t.a", "black", [ "v0" ] ],
    [ "led1:C", "bb1:9t.a", "black", [ "v0" ] ],
    [ "uno:GND.1", "bb1:1t.a", "black", [ "h19.2", "v-57.3" ] ],
    [ "bb1:1t.a", "bb1:3t.a", "black", [ "v0" ] ],
    [ "led2:A", "r2:1", "red", [ "v0" ] ],
    [ "led1:A", "r3:1", "red", [ "v0" ] ],
    [ "bb1:10t.c", "bb1:10t.b", "red", [ "v0" ] ],
    [ "uno:8", "r2:2", "red", [ "h76.8", "v0.4" ] ],
    [ "uno:2", "r3:2", "red", [ "h0" ] ],
    [ "r1:2", "uno:4", "red", [ "h0", "v66" ] ],
    [ "r1:1", "led3:A", "green", [ "h0" ] ],
    [ "r1:1", "bb1:7t.e", "", [ "$bb" ] ],
    [ "r1:2", "bb1:7b.i", "", [ "$bb" ] ],
    [ "r2:1", "bb1:4t.e", "", [ "$bb" ] ],
    [ "r2:2", "bb1:4b.i", "", [ "$bb" ] ],
    [ "r3:1", "bb1:10t.e", "", [ "$bb" ] ],
    [ "r3:2", "bb1:10b.i", "", [ "$bb" ] ],
    [ "uno:GND.1", "bb1:6t.a", "black", [ "h28.8", "v-57.3" ] ],
    [ "uno:GND.1", "bb1:9t.a", "black", [ "h38.4", "v-57.3" ] ]
  ],
  "dependencies": {}
}